Paragraph_Number,Initiative,Context,Goal,Timeline
3,Light Public Housing (LPH),Address public housing shortage and reduce waiting time,Provide transitional housing for PRH applicants,Three years (2022-2025)
5,Committee on Development of the Northern Metropolis,Accelerate the development of the Northern Metropolis,Formulate operational models for various development areas,Under the guidance of the Chief Executive
5,University Town Development,Part of the Northern Metropolis development,Expedite the development of the University Town,Not specified
5,Streamlined Administrative Procedures,Part of the Northern Metropolis development,Remove barriers and ease restrictions to facilitate development,Not specified
5,"Safe, Efficient, and Cost-Effective Construction Practices",Part of the Northern Metropolis development,"Adopt construction practices that are safe, efficient, and cost-effective",Not specified
5,Dedicated Legislation for Northern Metropolis,Part of the Northern Metropolis development,Introduce dedicated legislation to fast-track development,Not specified
5,Attract and Cultivate Industries,Part of the Northern Metropolis development,Create jobs and enhance productivity,Not specified
5,Preferential Policy Packages,Part of the Northern Metropolis development,Improve efficiency and flexibility in negotiations with enterprises,Not specified
6,Global Expansion Support for Mainland Enterprises,Rapid shift in global trade order and the need for Mainland enterprises to expand into emerging markets,"Reinforce Hong Kong's role as an international centre and leverage its strengths in finance, trading, professional services, supply chain management, and professional networks to create more jobs and higher income",Not specified
6,"Integrated Development of Education, Technology, and Talent",Support the global expansion of Mainland enterprises and enhance Hong Kong's competitive edge,"Develop education, technology, and talent in an integrated manner to unlock more business opportunities",Not specified
6,"Cultural, Sports, and Tourism Integration",Enhance the quality of life and attract more visitors to Hong Kong,"Press ahead with the integrated development of culture, sports, and tourism to create a community with a thriving economy and vibrant culture",Not specified
7,Accountability System for Heads of Department,To strengthen governance,Systematise and institutionalise responsibility for departments and enhance the appraisal system for civil servants,Not specified
7,AI Efficacy Enhancement Team,To drive technological reform,Coordinate and steer government departments in the effective use of AI technology and re-engineering of outdated workflows,Not specified
7,AI+ Development,To promote the development of AI with a focus on safety risk prevention,Implement AI government services and facilitate the wide-scale application and development of AI across different sectors to boost overall efficiency,Not specified
7,Market-Based Business Model for LCSD,To better integrate 'an efficient market' with 'a capable government',Enhance the services of the Leisure and Cultural Services Department (LCSD) through a market-based business model,Not specified
8,Increasing Public Housing Supply,To enrich the housing ladder and address housing needs,Continuously increase the supply of public housing,Not specified
8,Creating Land for Large Development Projects,Promoting long-term economic development and addressing housing needs,Increase government land reserve,Not specified
8,Continuing Healthcare Reform,Improving healthcare services,Continue the process of healthcare reform,Not specified
8,Implementing 11 Measures to Support Local Economy,Strengthening the local economy,Support the local economy through 11 specific measures,Not specified
8,Targeted Poverty Alleviation,Addressing poverty,Continue the work on targeted poverty alleviation,Not specified
8,Promoting Ageing in Place,Supporting elderly care,"Promote the principle of 'ageing in place as the core, with institutional care as back-up'",Not specified
8,Supporting and Protecting Workers,Enhancing labour protection,Support and protect workers,Not specified
8,Establishing Working Group on Ageing Society Strategies,Addressing challenges of an ageing society,Establish a working group to develop strategies for an ageing society,Not specified
18,National Security Education Promotion,To enhance public awareness and understanding of national security,Train district tutors to promote national security messages in the community,Ongoing (since the opening of the National Security Exhibition Gallery a year ago)
21,Steering Committee on District Governance,Part of the reforms to improve district governance,"Strengthen co-ordination to address issues such as environmental hygiene, community beautification, facility development and community services more effectively",Set up in July 2023
21,Task Force on District Governance,Part of the reforms to improve district governance,"Strengthen co-ordination to address issues such as environmental hygiene, community beautification, facility development and community services more effectively",Set up in July 2023
24,Commemorative Activities for the 80th Anniversary,Mark the 80th anniversary of victory in the Chinese People's War of Resistance against Japanese Aggression and in the World Anti-Fascist War,Enhance public understanding of the spirit of unity and resilience displayed by Chinese people in the fight for peace,This year (2023)
24,New Red Educational Route,Collaborate with Shenzhen to promote historical education,Enhance understanding among people of Hong Kong and tourists of the history of the War of Resistance in Hong Kong,Not specified
25,Historic Sites Restoration and Protection,To recognize and preserve the historical significance of sites related to the Communist Party of China's participation in the War of Resistance,Integrate these historic sites into tourism routes and educational activities,Not specified
26,Chinese Culture Festival,Promote and showcase Chinese culture,Curate and organize the Chinese Culture Festival as a signature project,Not specified
26,Exhibitions of the General History of China Series,Promote and showcase Chinese culture,Curate and organize exhibitions of the General History of China series as a signature project,Not specified
26,Museum to Showcase Development and Achievements,Promote and showcase Chinese culture and the development of the country,Establish a museum to highlight the development and achievements of the country,Not specified
26,Chinese Culture Experience Centre,Promote and showcase Chinese culture,Establish a center for experiencing Chinese culture,Not specified
26,Community-Oriented Initiatives,Promote and engage the community in Chinese culture,Launch a broad spectrum of community-oriented initiatives to promote Chinese culture,Not specified
27,Patriotic Education Facilities Promotion,To encourage more students and young people to visit patriotic education facilities in the Mainland,Promote patriotic education and foster a sense of national identity among Hong Kong's youth,Not specified
28,Patriotic Education Activities,To strengthen connections with patriotic groups and promote national unity,Increase the number and quality of patriotic education activities,Not specified
29,Patriotic Education Integration,To enhance students' understanding and appreciation of their country,Integrate patriotic education into daily learning and teaching,Not specified
29,"Love Our Home, Treasure Our Country Series",To foster a sense of national pride and belonging among students,Popularise activities that promote love for the country,Not specified
29,Constitution and Basic Law Student Ambassadors Training Scheme,To strengthen students' knowledge of the Constitution and Basic Law,Continuously enhance the training scheme for student ambassadors,Not specified
29,National History Itineraries,To provide students with firsthand experience of the country's founding history,Design itineraries for students to experience the founding history of the country,Not specified
29,Focus Inspections on National Education,To ensure the effectiveness and quality of national education,Conduct focus inspections on national education,Not specified
29,Professional Development and Activities for Teachers and Students,To align with the updated national security education,Continue to provide professional development and activities for teachers and students,Not specified
29,Values Education Curriculum Framework,To provide a structured approach to values education,Promulgate the final version of the Values Education Curriculum Framework,Not specified
29,Optimisation of Senior Secondary Chinese History and History Curricula,To improve the quality and relevance of history education,Optimise the curriculum frameworks for the senior secondary Chinese History and History subjects,Not specified
32,Heads of Department Accountability System (HoD Accountability System),Strengthen the sense of responsibility of senior civil servants to enhance overall management standards,Institutionalize the accountability of Heads of Departments to build strong management teams and lead senior civil servants in managing staff and operation systems,Not specified
44,Effective Performance Appraisal System,To enhance the overall effectiveness of departments and manage staff performance and misconduct,"Improve departmental effectiveness, raise morale of good performers, assist those with room for improvement, and handle misconduct fairly",Not specified
45,Rigorous Performance Appraisal System Study,To improve the effectiveness of performance evaluations within the civil service,Develop a more rigorous performance appraisal system that better reflects and differentiates staff performance levels,Not specified
48,AI Efficacy Enhancement Team,To further enhance the efficacy of the Government,Co-ordinate and steer government departments in the use of AI,Not specified
53,Committee on Development of the Northern Metropolis,To speed up the Northern Metropolis development and further develop the economy and improve people's livelihood,Raise the level of decision-making for the Northern Metropolis development,Not specified
55,Committee on Development of the Northern Metropolis,To expedite the development of the Northern Metropolis by bringing in industries and major projects,Oversee and coordinate the development of the Northern Metropolis,Not specified
56,Working Group on Devising Development and Operation Models,"To formulate development and operation models for industry parks in the Northern Metropolis, considering their nature and scale","Develop models including setting up dedicated companies, statutory or non-statutory bodies, and public-private partnership approaches",Recommendations to be announced this year after reporting to the working group
56,Industry Park Company at Hung Shui Kiu,Part of the broader initiative to develop industry parks in the Northern Metropolis,Set up an industry park company for about 23 hectares of industry land at Hung Shui Kiu,"Policy study conducted by the Development Bureau, recommendations to be announced this year"
57,Working Group on Planning and Construction of the University Town,To study the development mode for the Northern Metropolis University Town and integrate industry development with academic sectors,"Explore successful models of university towns, seek views from university leaders, and attract leading universities and research institutes to establish a base in Hong Kong",Not specified
58,Northern Metropolis University Town Development,To develop educational and research facilities in the Northern Metropolis,"Integrate high-end professional services, vocational and professional education, and innovation and technology (I&T) development","2026 (Hung Shui Kiu), 2028 (Ngau Tam Mei), 2030 (New Territories North New Town)"
59,Working Group on Planning and Development,"To manage the end-to-end process from planning to implementation, coordinating various aspects such as planning, engineering, land, transportation, and environmental protection","Promote industry anchoring, create job opportunities, and enhance productivity",Not specified
59,Dedicated Project Supervision Office,To strengthen the coordination and supervision of the approval process under the Working Group on Planning and Development,Accelerate progress by imposing time limits and phased reporting,Not specified
61,Fast Track Processing System,"To reduce construction costs and time by adopting superior construction methods and integrating successful construction technologies, materials, and equipment from the Mainland and overseas",Streamline construction processes and reduce costs and time,Not specified
62,Phased Development Approach,To attract businesses and create momentum before long-term development in Hung Shui Kiu,"Develop low-density facilities such as retail, entertainment, and convention and exhibition facilities initially","Trial basis, no specific end date mentioned"
64,Flexible Land-Grant Arrangements,To encourage enterprises to set up businesses and invest in the area,Provide greater flexibility in land-grant terms and methods,Sites granted as tenancy may have a term exceeding seven years
65,Voluntary Land Surrender Scheme,To promote market participation in the development of the Northern Metropolis,Allow land owners to voluntarily surrender land planned for resumption to offset costs for in-situ land exchange or large-scale land disposal in NDAs,Not specified
66,Pay for What You Build,Reduce the cost of land premiums in the Northern Metropolis,"Allow owners to pay premiums based on actual built floor area and use, rather than maximum floor area",Not specified
66,Phased Land Premium Payments,Provide flexibility in paying land premiums for developers,Allow developers to pay land premiums in phases according to the development scale,Not specified
67,Au Tau Land Use Review,To capitalize on the development potential brought by the Northern Link,Consider a larger proportion of private housing in the area around Sha Po at Au Tau Station for development into an NDA,Results to be announced next year
69,Dedicated Legislation for Northern Metropolis,To accelerate the development of Northern Metropolis,Empower the Government to devise simplified statutory procedures for various development and regulatory processes,Not explicitly mentioned
71,Hong Kong Park Construction,"To support the development of key industries such as life and health technology, microelectronics, new energy, and AI",Complete the construction of the remaining five buildings in Phase 1 of the Hong Kong Park,From 2027 onwards
72,Roll Out Remaining Land in Phase 1,To continue the development of Hong Kong Park,Facilitate the timely use of available land,This year
72,Complete Phase 2 Planning,To finalize the development scale and distribution of industries,Finalize Hong Kong Park's overall layout,Not specified
72,Flexible Workspace Offering,To enable companies to move in earlier,Allow companies to occupy spaces while construction is still underway,Not specified
75,Kwu Tung Station Construction,Support the development of the Northern Metropolis,Complete the construction of Kwu Tung Station,Completion in 2027
75,Hung Shui Kiu Station Construction,Support the development of the Northern Metropolis,Complete the construction of Hung Shui Kiu Station,Completion in 2030
75,Northern Link Spur Line Development,Support the development of the Northern Metropolis and integrate with the Main Line,Develop and commission the Northern Link Spur Line,Commissioning by 2034 or earlier
76,Hong Kong-Shenzhen Western Rail Link (Hung Shui Kiu-Qianhai) Project,"To enhance the comprehensive integration of metro networks in Hong Kong and Shenzhen, and boost industry's confidence in setting up operations in the GBA",Significantly enhance the GBA's infrastructure connectivity,"Pressing ahead with the project, expressions of interest invited from contractors and operators on the Hong Kong section"
77,Flexible Land Grant Arrangements,Leverage market forces to drive industry development,Facilitate industry growth by providing flexible land use options,Not specified
77,Tax Concessions,Leverage market forces to drive industry development,Reduce financial burdens on industries to encourage growth and investment,Not specified
77,Capital Subsidies,Leverage market forces to drive industry development,Provide financial support to industries to enhance their competitiveness and innovation,Not specified
77,Talent Grooming,Leverage market forces to drive industry development,Develop a skilled workforce to support industry growth and innovation,Not specified
78,Structural Upgrades of Service Industries,Increasingly dynamic market environment and rapid technological change,"Consolidate traditional strengths in sectors such as financial and legal services, and nurture emerging sectors like advanced manufacturing, life and health technology, new energy, AI, and data science",Not specified
79,Attracting High Value-Added Industries and High-Potential Enterprises,To promote high-quality development in Hong Kong,Attract high value-added industries and high-potential enterprises to set up in Hong Kong,Not specified
80,Flexible Policy Packages for Strategic Enterprises,To attract strategic enterprises to settle in Hong Kong,Enable the Office for Attracting Strategic Enterprises and InvestHK to negotiate settlement details flexibly and report to the Financial Secretary for approval,Not specified
80,Flexible Tax Incentive Mechanism,To enhance competitiveness and attract enterprises,Allow the Chief Executive and the Financial Secretary to introduce tax incentives that comply with international standards,Not specified
82,Aeronautic Services Partnership,To enhance Hong Kong's aviation industry and create new job opportunities,"Operate aircraft dismantling, recycling, and trading services, and provide talent training in relevant professions",Not specified
84,Attracting Pharmaceutical Companies,"To enhance Hong Kong's role in clinical trials and medical treatments for rare disease drugs, high-end cancer drugs, and advanced therapy products",Increase the number of pharmaceutical companies conducting clinical trials and medical treatments in Hong Kong,Not specified
84,Enhancing Patient Recruitment and Trial Initiation,To improve the efficiency of clinical trials in Hong Kong,Proactively enhance the efficiency of patient recruitment and trial initiation,Not specified
84,GBA Clinical Trial Collaboration Platform,To facilitate simultaneous clinical trials in Hong Kong and Shenzhen,Enable pharmaceutical companies to conduct trials simultaneously in Hong Kong and Shenzhen,Not specified
84,International Clinical Trial Academy,To nurture clinical trial professionals in the GBA,Prepare to set up the International Clinical Trial Academy for training clinical trial professionals,Not specified
84,Hosting International Summits and Forums,To promote Hong Kong as a hub for clinical trials and medical research,Host international summits and forums related to clinical trials,Not specified
85,Hong Kong Centre for Medical Products Regulation,To establish an internationally recognised regulatory authority for medical products,Set up the centre and submit a legislative proposal on regulating medical devices,2026
85,1+ Mechanism for New Drugs,To expedite the approval process for innovative drugs,Pilot priority evaluation and approval of innovative drugs recommended by the Hospital Authority for treatment of severe or rare diseases,Not specified
85,Standardisation of Clinical Data within the GBA,To promote the standardisation of clinical data,Establish a real-world data platform to help pharmaceutical companies bring innovative drugs to the Mainland and international markets more quickly,Not specified
86,Office for Introducing Innovative Drugs and Medical Devices,To identify the needs and benefits of innovative drug treatments for local patients through big data analytics,Bring in innovative drugs and medical devices that are cost-effective and beneficial to patients,Not specified
87,Expedite Application of Green Technologies,To meet the country's 'dual carbon' targets and achieve carbon neutrality before 2050,Accelerate the adoption of green technologies to support carbon reduction efforts,Not specified
87,Create Quality Employment Opportunities,To meet the country's 'dual carbon' targets and achieve carbon neutrality before 2050,Generate high-quality jobs in the new energy industry,Not specified
87,Build Influential Industry Chain,To meet the country's 'dual carbon' targets and achieve carbon neutrality before 2050,Develop a robust and influential industry chain of new quality productive forces in the new energy sector,Not specified
88,Sustainable Aviation Fuel (SAF) Industry Chain Development,Major airports and airlines globally are increasing their SAF consumption targets,"Develop a local SAF industry chain in the GBA, including raw material collection, production plants, and large-scale production, to meet the specified SAF consumption ratio for flights from HKIA by 2030",By 2030
88,SAF Blending Facility Construction,To enhance the competitiveness of the local SAF industry and increase airlines' bargaining power,Construct an SAF blending facility,Not specified
89,Hydrogen Standard Certification,To support the development and safe use of hydrogen energy,Formulate hydrogen standard certification,Not specified
89,Public Hydrogen Filling Facilities,To expand the hydrogen infrastructure,Establish public hydrogen filling facilities on Hong Kong Island and in Kowloon,Not specified
89,Additional Hydrogen Trial Projects,To further explore and develop hydrogen energy applications,Press ahead with more trial projects,Not specified
89,GBA Hydrogen Corridor,To collaborate with the Guangdong Province on regional hydrogen development,Develop the GBA Hydrogen Corridor,Not specified
90,Electric Vehicle Battery Recycling Facility,To address the growing need for sustainable EV battery disposal and recycling,Promote the development of the EV battery recycling industry by recycling locally retired batteries and supplying the recycled black mass to the Mainland and neighbouring regions,Expected to commence operation in the first half of 2026
91,Promotion of AI as a Core Industry,"Leverage Hong Kong's advantages in scientific research, capital, data, and talent to become a global hub for AI development","Achieve extensive and deep integration of AI across sectors, focusing on 'industries for AI' and 'AI for industries' while emphasizing safety risk prevention",Not specified
92,AIR@InnoHK Research Cluster,To nurture local and attract overseas and Mainland AI professionals,Enhance AI R&D capabilities and lay the foundations for wide-ranging AI applications,Not specified
93,Frontier Technology Research Support Scheme,To attract international top-notch scientific researchers in AI and other fields to Hong Kong,To spearhead basic research in frontier technologies,Applications will be invited soon
94,Hong Kong AI Research and Development Institute,"Facilitate upstream, midstream, and downstream AI R&D and expand use cases",Enhance AI research and development and promote practical applications,2026
95,Continued AI Industry Support through HKIC Investments,Hong Kong has developed full-fledged financing channels and the HKIC has already invested in AI enterprises,Support the development of the AI industry through continued investments,Ongoing
96,Cross-Boundary Data Flow Mechanism,"Leverage the advantages of 'One Country, Two Systems' to support scientific research and innovation",Establish a compliant and secure mechanism for cross-boundary flow of Mainland data to Hong Kong Park,Early establishment (no specific date mentioned)
97,Data Facility Cluster Development at Sandy Ridge,To provide advanced computing power facilities and promote the development of data and AI-related industries,Develop a data facility cluster on a site of about 10 hectares at Sandy Ridge in the North District,This year
99,AI Applications in Government Services,Widespread application of AI can create greater value to society,"Promote AI applications in government services for data analysis, customer service, and document processing while ensuring security and controllability",Not specified
100,AI for Non-Emergency Police Reports,To assist the public in making non-emergency reports to the police,Expedite the process of reporting and handling non-emergency incidents,Not specified
100,AI for Transport Licence Vetting,To streamline the vetting and approval process for transport licences,Speed up the issuance of transport licences,Not specified
100,AI for Traffic Management,To improve traffic flow and management,Divert traffic flow based on real-time data to reduce congestion,Not specified
100,AI Assistant for iAM Smart and Digital Corporate Identity,To enhance user experience on government digital platforms,"Provide personalized services and recommend suitable funding schemes and public service support, especially for SMEs",Not specified
100,AI Chatbot for Carer Support,To provide easier access to information for carers,Offer convenient and accessible information to carers,Not specified
100,AI for Histopathological and Cytological Analysis,To improve the accuracy of medical analysis,"Enhance patient care efficiency, hospital management, and service quality through digital pathology technology and AI",Not specified
100,Generative AI in Clinical Workflows,To promote the use of advanced AI in healthcare,"Enhance patient care efficiency, hospital management, and service quality",Not specified
101,AI Sandbox Initiative (Second Cohort),Promote AI applications in financial institutions,Encourage more financial institutions to adopt AI,Not specified
101,AI Model Evaluation Approach,Enhance system security in financial institutions,Develop and implement an AI model evaluation approach,Not specified
101,AI Subsidies for Private Sector Construction,Encourage the application of AI in private sector construction works,Provide financial support for AI adoption in construction,Not specified
101,Inter-departmental Working Group on AI Legislation,Support wider application of AI,Review and develop necessary legislation,Not specified
104,Establishment of Corporate Treasury Centres (CTCs) and Regional Headquarters,Mainland enterprises are exploring emerging markets and need support for cross-boundary financial and professional services,"Facilitate Mainland enterprises in establishing CTCs and regional headquarters in Hong Kong to handle cross-boundary settlement, remittance, financing, and related functions",Not specified
104,Leverage Professional High Value-Added Supply Chain Services,Mainland enterprises require support in exploring overseas markets,"Provide Mainland enterprises with access to Hong Kong's professional services in accounting, law, and other high value-added supply chain services to aid their international expansion",Not specified
104,Utilize Hong Kong's Marketing Strengths,Mainland enterprises need to connect with global buyers and build international brands,Help Mainland enterprises leverage Hong Kong's marketing expertise to connect with global buyers and build international brands,Not specified
106,One-Stop Platform for Mainland Enterprises,To encourage Mainland enterprises to use Hong Kong as a base for expanding their businesses overseas,Mobilize Hong Kong's overseas offices and Mainland offices to support Mainland enterprises in going global,Not specified
106,Task Force on Supporting Mainland Enterprises in Going Global (GoGlobal Task Force),To provide coordinated support for Mainland enterprises looking to expand their businesses overseas,"Formulate proposals and coordinate various bureaux, departments, and agencies to assist Mainland enterprises",Not specified
107,Encourage Regional Headquarters in Hong Kong,Leverage Hong Kong's strengths to help Mainland banks expand into Southeast Asia and the Middle East,Provide more comprehensive cross-boundary financial solutions,Not specified
108,Tax Concessionary Measures Study,To attract more Mainland enterprises to establish CTCs (Centralized Treasury Centers) in Hong Kong,Enhance tax concessionary measures to make Hong Kong more attractive for Mainland enterprises,First half of 2026
109,Hong Kong-Saudi Arabia Investment Fund,To support Hong Kong and GBA enterprises expanding into Saudi Arabia,Facilitate investment and business opportunities in Saudi Arabia,Established with an initial US$1 billion
110,Southeast Asian Market Exploration Delegations,To explore business opportunities in Southeast Asian markets such as Vietnam and support the 'going global' platform,Pool industry strengths to facilitate business opportunities for banking representatives and SMEs,Not specified
111,Exhibition Industry Support,Leverage the strengths of Hong Kong's exhibition industry and consolidate its position as a platform for Mainland brands to 'go global' and for 'bringing in' international brands,Support the trade to organise more events conducive to brand development,Not specified
112,Carbon Audit Services Development,To assist enterprises in meeting international requirements and standards on green trade in respect of carbon emission reduction,Promote the development of carbon audit services,Not specified
114,AIIB Office in Hong Kong,To enhance Hong Kong's role as an international financial hub,Invite the Asian Infrastructure Investment Bank to set up an office in Hong Kong,Not specified
114,HKEX Co-operation with Southeast Asian Exchanges,To deepen financial ties and attract more listings,Attract Southeast Asian issuers to seek secondary listings in Hong Kong and encourage asset management companies to issue products in their local markets,Not specified
115,Belt and Road Personnel Training,To support the development of B&R countries and enhance their capabilities,Train personnel from B&R countries,Not specified
115,Belt and Road Commercial Project Matching,To leverage Hong Kong's professional service sectors in B&R markets,Match commercial projects in B&R markets with Hong Kong professional service sectors,Not specified
116,B&R Green Development Co-operation Platform,Promote green cooperation with B&R countries,Facilitate joint efforts in green development,Not specified
116,B&R Sustainable Green Development Training Centre,Enhance capacity building for B&R countries in sustainable green development,Provide training courses for personnel from B&R countries,2026
119,World Internet Conference Asia-Pacific Summit and InnoEX,Promote Hong Kong as a hub for technology and innovation,Organize major international technology and innovation events,This year and next
119,Hong Kong Fixed Income and Currency Forum,Enhance Hong Kong's position as a financial hub,Host the inaugural forum to discuss fixed income and currency issues,This year and next
119,INTERPOL General Assembly,Strengthen international law enforcement cooperation,Host the INTERPOL General Assembly,This year and next
119,"GBA Conference on Inheritance, Innovation and Development of Traditional Chinese Medicine",Promote the development and innovation of Traditional Chinese Medicine,"Host a conference to discuss the inheritance, innovation, and development of Traditional Chinese Medicine in the Greater Bay Area",This year and next
119,Association of National Olympic Committees General Assembly,Enhance Hong Kong's role in international sports,Host the General Assembly of the Association of National Olympic Committees,This year and next
119,Asia-Pacific Association for International Education Conference and Exhibition,Promote international education and collaboration,Host the conference and exhibition to foster international education cooperation,This year and next
119,Research Summit of the Research Grants Council,Promote research and academic collaboration,Host the first Research Summit of the Research Grants Council,This year and next
119,Hong Kong International Correctional Services Response Tactics Training Academy,Enhance international exchanges and professional training in correctional services,Establish a training academy for international correctional services response tactics,This year and next
119,Support for Hosting International Conferences and Publishing Academic Journals,Enhance Hong Kong's academic and professional standing,Support local universities and professional organizations in hosting international conferences and publishing influential academic journals,Ongoing
119,I&T Collaboration with International and Regional Organizations,Promote international and regional collaboration in innovation and technology,Participate in and promote I&T collaboration with organizations like the International Organization for Standardization,Ongoing
123,HKIA Dongguan Logistics Park Phase 1,To reduce operating costs for cargo transhipment and enhance GBA cooperation,Complete permanent facilities in stages starting from the end of this year,Starting from the end of this year
123,HKIA Dongguan Logistics Park Phase 2,To further enhance logistics and e-commerce capabilities,Conduct preliminary study and introduce more high value-added logistics and cross-boundary e-commerce facilities,Commence this year
124,GBA Arbitrators Panel and Mediation/Arbitration Platform,To lower enterprises' costs of cross-boundary dispute resolution,Promote a panel of GBA arbitrators and a platform for GBA commercial mediation and arbitration,Not specified
125,Cross-Boundary Ambulance Transfer Expansion,"Enhance emergency medical services between Hong Kong, Guangdong, and Macao",Implement two-way ambulance transfers and expand coverage to designated hospitals in Zhuhai and Nansha,Not specified
126,Enhance Cross-boundary Credit Referencing,To facilitate Hong Kong banks' credit assessment of Mainland residents and enterprises in Hong Kong,Improve the accuracy and efficiency of credit assessments for cross-boundary financial services,Not specified
126,Shenzhen-Hong Kong Cross-boundary Data Validation Platform,To facilitate Hong Kong banks' credit assessment of Mainland residents and enterprises in Hong Kong,Enhance the reliability and security of data used in cross-boundary financial transactions,Not specified
127,Enhance Payment Connect for Remittance,To improve the disbursement arrangements for portable cash assistance,Allow Hong Kong elderly recipients retiring in Guangdong and Fujian Provinces to receive Government assistance directly through their bank accounts with designated Mainland banks,Next year (2024)
128,Commodity Trading and Carbon Trading Development,Strengthen mutual cooperation with exchanges in the GBA,"Develop commodity trading, carbon trading, and other businesses",Ongoing
128,Offshore Spot Soybean Market Development,HKEX is a controlling shareholder of the Qianhai Mercantile Exchange,Strengthen mutual cooperation for the development of the offshore spot soybean market,Ongoing
128,Cross-Boundary Trade Settlements for Carbon Markets,"Core Climate, the carbon marketplace of the HKEX, will collaborate with pilot carbon markets in the GBA",Explore cross-boundary trade settlements on a trial basis,Trial basis (no specific dates mentioned)
129,Cross-Border Industry Chain Development with Nansha,"Strengthen collaboration between the HKIC and the Guangdong Government to support high technology content enterprises, such as biotech and health tech start-ups",Enhance cross-border industry chain development,First phase in Nansha
132,Deepen Equity Market,Strengthen Hong Kong's financial system and international financial centre status,Enhance the depth and liquidity of the equity market,Not specified
132,Expand World-Class Bond Market,Strengthen Hong Kong's financial system and international financial centre status,Develop a robust and diversified bond market,Not specified
132,Vibrant Currency Market,Strengthen Hong Kong's financial system and international financial centre status,Enhance the currency market to support international trade and investment,Not specified
132,Advance Insurance Sector,Strengthen Hong Kong's financial system and international financial centre status,Promote the growth and innovation in the insurance industry,Not specified
132,Expand Asset Management Sector,Strengthen Hong Kong's financial system and international financial centre status,Enhance the asset management industry to attract global investors,Not specified
132,Expand Wealth Management Sector,Strengthen Hong Kong's financial system and international financial centre status,Develop a robust wealth management industry to serve high-net-worth individuals and institutions,Not specified
132,Develop Premier International Gold Trading Market,Strengthen Hong Kong's financial system and international financial centre status,Establish Hong Kong as a leading hub for gold trading,Not specified
132,Drive Fintech Development,Strengthen Hong Kong's financial system and international financial centre status,Promote innovation and adoption of financial technology,Not specified
132,Promote Green and Sustainable Finance,Strengthen Hong Kong's financial system and international financial centre status,Support the transition to a sustainable economy through green finance products and services,Not specified
134,Leverage Technology Enterprises Channel,To assist Mainland technology enterprises in raising funds in Hong Kong,Strengthen financial support for the nation's development as a science and technology powerhouse,Not specified
134,Optimize Listing Regimes,To improve the listing process on the Main Board and for issuing structured products,Enhance the listing requirements for companies with weighted voting right structures,Not specified
134,Shorten Stock Settlement Cycle,To improve the efficiency of stock trading,Explore shortening the stock settlement cycle to T+1,Not specified
134,Encourage Secondary Listings,To attract more overseas enterprises,Encourage more overseas enterprises to seek secondary listing in Hong Kong,Not specified
134,Support China Concept Stocks,To support the return of China Concept Stock companies from overseas markets,Make Hong Kong the preferred destination for these companies,Not specified
134,RMB Trading Counter for Stock Connect,To enhance the Stock Connect Southbound trading for Hong Kong stocks,Include an RMB trading counter under Stock Connect's Southbound trading for Hong Kong stocks,Not specified
136,CMU OmniClear and HKEX Collaboration,Enhance financial infrastructure and foster interplay between various mutual-market access mechanisms,Explore centralised management and cross-collateralisation of assets (such as shares and bonds) on a single platform,Not specified
136,Connections with International Markets,Establish connections with markets such as Switzerland and the United Arab Emirates,Promote the use of offshore Chinese Government Bonds as collateral in different clearing houses,Not specified
136,Electronic Bond-Trading Platform Feasibility Study,Study the feasibility of an innovative electronic bond-trading platform,Improve market liquidity and efficiency,Not specified
136,Commercial Repo Market and Central Counterparty Regime,Promote the establishment of a commercial repo market and a central counterparty regime,Improve market liquidity,Not specified
137,Offshore Treasury Bond Futures,Expand financial market connectivity with the Mainland,Introduce offshore treasury bond futures in Hong Kong,Ongoing discussions
137,Expand Swap Connect,Enhance financial market integration and product diversity,Expand the variety of interest rate derivatives under Swap Connect,Ongoing
137,OTC Derivatives Development,Promote financial market innovation and growth,Promote the development of over-the-counter derivatives,Ongoing
137,Cross-Boundary RMB Repo Business,Strengthen cross-border financial collaboration and RMB internationalization,Explore the launch of the cross-boundary RMB repo business in collaboration with the Mainland,In due course
138,Enhanced Market Outreach for Corporate Bonds,To encourage more enterprises to issue corporate bonds in Hong Kong,Attract global capital to participate in Hong Kong's bond market,Not specified
140,RMB Business Facility,To enhance the liquidity and global reach of the offshore RMB market in Hong Kong,"Provide enterprises with longer-term RMB financing for trade, daily operation, and capital expenditure, supporting the use of RMB in the real economy",Not specified
140,Diversified Channels for Cross-Boundary Capital Acquisition,To enhance the liquidity and global reach of the offshore RMB market in Hong Kong,Provide a stable source of RMB funds for the market at a relatively low cost,Not specified
140,Facilitating Foreign Exchange Quotations and Transactions,To enhance the liquidity and global reach of the offshore RMB market in Hong Kong,Explore measures to facilitate foreign exchange quotations and transactions between RMB and other regional currencies in Hong Kong,Not specified
141,Increase RMB Bond Issuance,To enhance the use of RMB in financial transactions and support the development of the RMB market,Issue more RMB bonds,Not specified
141,Consider RMB for Government Expenditure,To promote the use of RMB in government financial operations,Consider settling government expenditure in RMB under suitable circumstances,Not specified
143,Gold Storage Facilities Establishment,Support the Airport Authority Hong Kong (AAHK) and financial institutions to establish Hong Kong's gold storage facilities,"Propel Hong Kong into a regional gold reserve hub with a target gold storing capacity of over 2,000 tonnes",Three years
144,Gold Refinery Expansion and Collaboration,Encourage gold traders to set up or expand refineries in Hong Kong and explore collaboration with the Mainland,Increase gold trading and delivery activities in Hong Kong by leveraging Mainland processing capabilities,Not specified
145,Central Clearing System for Gold,To provide efficient and reliable clearing services for gold transactions in compliance with international standards,Establish a central clearing system for gold in Hong Kong and invite the participation of the Shanghai Gold Exchange to prepare for mutual market access with the Mainland,Not specified
146,Gold Fund Issuance Support,To offer a greater variety of gold investment vehicles,Assist issuers in issuing gold funds,Not specified
146,Tokenised Gold Development,To offer a greater variety of gold investment vehicles,Support the development of new investment products such as tokenised gold,Not specified
147,Gold Industry Trade Association,To support the gold industry and enhance its development,"Establish an exchange platform with the Government and regulators, step up promotional efforts, attract more B&R clients, and strengthen talent training",Not specified
149,Amend Legislation for Insurance Funds,To encourage insurance funds to participate in infrastructure financing,Lower capital requirements for infrastructure investment and provide concessions for local projects,Next year
149,Promote Exclusive Captive and Reinsurance Business,To enhance the insurance sector in Hong Kong,"Encourage the market to introduce more insurance products, including those related to cross-boundary elderly care, cross-boundary driving, and low-altitude economy",Not specified
151,Enhance Preferential Tax Regimes,Attract more funds to establish a presence in Hong Kong,Improve the attractiveness of Hong Kong as a financial hub,Not specified
151,Promote REITs Mutual Market Access,Increase the liquidity of REITs in the Mainland and Hong Kong,Enhance the market for real estate investment trusts,Not specified
151,Enhance QFLP Mechanism,Collaborate with Qianhai and Shanghai to attract more foreign capital to the Mainland's private capital market,Facilitate the flow of foreign capital into the Mainland's private capital market,Not specified
151,Nurture Local Private Equity and Hedge Fund Institutions,Support the growth of local financial institutions,Develop and strengthen local private equity and hedge fund institutions,Not specified
152,Enhanced New Capital Investment Entrant Scheme,To attract more high-net-worth individuals to invest in Hong Kong,Increase the maximum investment amount for non-residential properties and lower the transaction price threshold for residential properties,No specific timeline mentioned
154,Stablecoin Issuer Regulation,To ensure stability and regulation in the digital asset market,Implement a regime for stablecoin issuers,Not specified
154,Digital Asset Dealing and Custodian Licensing,To regulate and provide structure for digital asset service providers,Formulate legislative proposals for licensing regimes,Not specified
154,Wider Range of Digital Asset Products for Professional Investors,To expand the digital asset market while ensuring investor protection,Study and offer a wider range of digital asset products and services to professional investors,Not specified
154,International Tax Co-operation,To combat cross-border tax evasion,Step up international tax co-operation,Not specified
154,Automated Reporting and Data Surveillance Tools,To enhance regulatory oversight and risk management in the digital asset market,Introduce automated reporting and data surveillance tools,Not specified
155,Deepen Pilot Cooperation with GBA Carbon Market,"Building on the launch of Core Climate, an international carbon trading platform by HKEX in 2022",Test cross-border trade settlement and jointly build a regional carbon market ecosystem,Future (no specific dates mentioned)
155,Study Participation in International Carbon Market,Collaboration with Mainland regulatory departments and authorities,"Address issues surrounding the country's participation in the international carbon market, including voluntary carbon credit standards, methods, and registration, trading, and settlement of carbon emission reduction",Future (no specific dates mentioned)
156,Project Ensemble,Support the development of the tokenisation market in Hong Kong,Allow industry participants to explore building the next-generation financial infrastructure with blockchain technology in actual business scenarios,Not specified
158,Opening Up New Markets,Evolving geopolitical landscape has disrupted existing supply chains,Expand market opportunities for Hong Kong businesses,Not specified
158,Promoting Digital Trade,Evolving geopolitical landscape has disrupted existing supply chains,Enhance the digital capabilities of Hong Kong's trade sector,Not specified
158,Supporting SME Transformation and Upgrading,Evolving geopolitical landscape has disrupted existing supply chains,Help SMEs adapt and improve their operations,Not specified
159,Investment Agreement Negotiations,Strengthen economic ties and protect investments,"Conclude and sign investment agreements with Qatar, Saudi Arabia, Bangladesh, Egypt, and Peru","Mid-2025 (Qatar), ongoing for others"
159,RCEP Accession,Expand economic and trade network,Seek accession to the Regional Comprehensive Economic Partnership (RCEP),Ongoing
160,Establish Economic and Trade Office in Kuala Lumpur,To deepen economic and trade promotion in ASEAN and neighbouring countries,Enhance economic and trade relations with ASEAN and neighbouring countries,This year
160,Expand ETO Coverage to Latin America and Central Asia,To broaden economic and trade promotion efforts,Enhance economic and trade relations with Latin America and Central Asia,No specific timeline mentioned
162,Project Ensemble,Explore cross-boundary financial collaboration with the Shanghai Municipal Bureau of Data and other parties,Apply tokenised electronic bills of lading and advance connections with CDI and Cargo,Not specified
163,Recruitment of Additional Pilot Participant for CEFA,To enhance the efficiency of e-commerce shipment,Recruit a logistics provider as an additional pilot participant of the Cross-boundary Express Cargo Clearance Facilitation Arrangement (CEFA),Not specified
164,Expansion of Trade Single Window,To enhance trade efficiency and streamline processes,Cover more trade documents progressively,Not specified
164,Connection of Single Windows with Mainland,To facilitate trade between Hong Kong and the Mainland,Work with the Mainland's General Administration of Customs to connect the single windows,Not specified
164,Extension of 'Single Submission for Dual Declaration' Scheme,To further streamline trade processes,Explore the feasibility of extending the scheme to include other trade documents and transport modes,Not specified
164,Connection of Single Windows with ASEAN,To enhance trade relations with ASEAN countries,Discuss the possibility of connecting the single windows with ASEAN,Not specified
165,Digitalisation of Business-to-Business Trade Documents,To modernize and streamline business-to-business trade processes,Introduce a legislative proposal to facilitate the digitalisation of trade documents,Next year (2024)
167,Establishment of Delivery Warehouses,To support the sector and enhance Hong Kong's role in the global metals trading market,Set up more approved warehouses with the approval of the London Metal Exchange,Not specified
168,Half-rate Tax Concessions for Commodity Traders,To drive demand for shipping and professional maritime services,Attract commodity traders to set up businesses in Hong Kong,Legislative amendments in the first half of next year
169,Enhance International Commodity Trading with Financial Innovation,To improve the efficiency and reliability of international commodity trading processes,Test the use of technologies such as electronic bills of lading and tokenised deposit in collaboration with the HKMA and Banco Central do Brazil,Not specified
171,Strategic Committee on Commodities,To strengthen the top-down design and long-term strategy of Hong Kong's commodity policy,Bring together industry representatives to enhance commodity policy,Not specified
175,Partner Port Relationships,Strengthen strategic collaboration with Mainland regions and B&R regions,Establish 'partner port' relationships and prepare for the development of a green shipping corridor,Not specified
176,Green Maritime Fuel Storage Facilities,"Development of bunkering of green fuels such as green methanol, green ammonia, and hydrogen",Invite industry to submit expressions of interest in developing green maritime fuel storage facilities,Later this year
176,Methanol Bunkering Efficiency Improvement,Ensure efficient and accurate methanol bunkering services,Require all vessels providing methanol bunkering services in Hong Kong waters to install mass flow meters,Within next year
176,Feasibility Study on Green Ammonia and Hydrogen Bunkering,Explore the potential for green ammonia and hydrogen bunkering,Initiate a feasibility study on green ammonia and hydrogen bunkering,Not specified
177,Green Maritime Fuels Trading and Export,To support the transition to more sustainable maritime fuels and enhance Hong Kong's role in the green economy,Facilitate the trading of more green maritime fuels in Hong Kong and assist in the export of Mainland-produced green maritime fuel,Not specified
178,Port Community System,To enhance digital connectivity and efficiency in trade and logistics,"Provide cargo tracking function and connect sea, land, and air transport networks to bolster trade and capital flows",January next year (2024)
180,Amend Merchant Shipping (Registration) Ordinance,To strengthen Hong Kong's leading position in high value-added maritime services,Render the registration processes more flexible and digitalised,Next year
180,Promote Tax Concessions for Maritime Services,To strengthen Hong Kong's leading position in high value-added maritime services,Enhance the marine insurance business,Not specified
180,Establish Dedicated Marine Risk Pool,To strengthen Hong Kong's leading position in high value-added maritime services,Enhance Hong Kong's underwriting capacity for both local and Mainland markets,Engagement with the industry is ongoing
182,Modern Logistics Clusters Development,Consolidate Hong Kong's position as an international logistics hub,Develop modern logistics clusters in Hung Shui Kiu/Ha Tsuen NDA,"Findings released this year, expressions of interest invited next year"
183,Enhancing Air Connectivity,Leverage the opportunities brought by the Three-Runway System at the HKIA and the increase in the number of passenger and cargo flights,Increase the number of long-haul and transit routes to reinforce Hong Kong's top global ranking for cargo throughput and its role as the GBA's transit hub,Ongoing (no specific end date mentioned)
184,Expansion of Bilateral Air Services Arrangements,To increase flights to and from key regions and enhance Hong Kong's connectivity,"Forge more new air services agreements and expand traffic rights with South America, Central Asia, Africa, and the Middle East","Ongoing, with recent progress including a consensus with Chile last month"
185,Expanded Exemptions from Air Passenger Departure Tax,To boost transit traffic through Hong Kong,Exempt passengers travelling to Hong Kong for transit by sea or land from the Air Passenger Departure Tax,Starting in October
185,Expansion of City Terminal Network,To enhance connectivity and facilitate travel,Expand the city terminal network in the Mainland and improve land transport connections under 'Fly-Via-Zhuhai-Hong Kong',No specific timeline mentioned
186,AsiaWorld-Expo Phase 2 Construction,Expansion of the AsiaWorld-Expo facilities,Complete the construction of Phase 2,Expected completion in 2028
186,Yacht Bay Development,Enhance the recreational and tourism offerings at AsiaWorld-Expo,Develop a yacht bay and ancillary facilities,"Invitations for expressions of interest early next year, facilities to be completed in phases starting in 2028"
186,Arts Industry Ecosystem,Support the growth of the arts sector,Create an ecosystem for the arts industry,"Ongoing, no specific timeline mentioned"
186,Jet Fresh Market,Provide a market for fresh gourmet products,Open a jet fresh market,"Ongoing, no specific timeline mentioned"
187,Three-Runway System Expansion,Leverage the advantages of the Three-Runway System to maintain and enhance the HKIA's position as a leading cargo airport,Increase cargo throughput at the HKIA,Ongoing
187,Dongguan Logistics Park Construction,Support the use of Hong Kong air cargo services for transporting goods to and from the Mainland,Boost the use of Hong Kong air cargo services,Ongoing
188,Promotion of Legal Services,Maintaining and leveraging Hong Kong's robust legal system and bilingual common law system,Enhance the promotion of legal services in Hong Kong,Not specified
188,Deepening Mediation Culture,Maintaining and leveraging Hong Kong's robust legal system and bilingual common law system,Strengthen Hong Kong's position as the Capital of Mediation,Not specified
190,International Conferences and Programmes for IOMed,Support the work of the IOMed and provide opportunities for Hong Kong young people and legal professionals,Nurture more international mediation professionals for Hong Kong,Not specified
191,Hong Kong International Legal Service Building,To enhance Hong Kong's position as an international legal and dispute resolution hub,Construct a building to house the headquarters of the Hong Kong International Legal Talents Training Academy and international legal and dispute resolution services institutions,Not specified
192,Promotion of Legal Services for Mainland Enterprises,Support Mainland enterprises wishing to expand overseas,Enhance collaboration between Hong Kong's legal services and other professional service sectors (accounting and finance),Not specified
193,Pilot Scheme on Sports Dispute Resolution,To provide a structured and efficient mechanism for resolving sports-related disputes,Enhance the resolution process for sports disputes,Ongoing
193,Pilot Scheme on Community Mediation,To provide a community-based mediation service to resolve disputes at the grassroots level,Promote community harmony and efficient dispute resolution,Ongoing
193,Strengthen Accreditation and Disciplinary Systems for Mediation Profession,To enhance the professionalism and credibility of the mediation profession,Improve the standards and oversight of mediation practitioners,Not specified
193,Promotion of Hong Kong's Arbitration Services,To enhance Hong Kong's position as a leading international arbitration hub,Increase awareness and use of Hong Kong's arbitration services,Not specified
193,Study on Amending the Arbitration Ordinance,To ensure the Arbitration Ordinance remains up-to-date and effective,Identify and implement necessary amendments to the Arbitration Ordinance,Not specified
195,Northern Metropolis University Town,Leverage Hong Kong's competitive edge in post-secondary education and enhance its global standing,Accelerate construction to support the development of the Northern Metropolis as an educational hub,Not specified
195,Promote 'Study in Hong Kong' Brand,Leverage Hong Kong's competitive edge in post-secondary education and enhance its global standing,Attract more international students to study in Hong Kong,Not specified
195,Develop Universities of Applied Sciences (UASs),Leverage Hong Kong's competitive edge in post-secondary education and enhance its global standing,Expand and enhance the applied sciences sector in higher education,Not specified
196,Promote DSE International Recognition,Enhance the global competitiveness of Hong Kong's education system,Increase the number of higher education institutions worldwide that recognize the DSE,Not specified
196,Attract Outstanding Teachers and Students,Enhance the quality and diversity of the education system,Recruit more talented educators and students from around the world,Not specified
196,Support International Schools,Foster a diverse and high-quality education environment,Support the development and improvement of international schools in Hong Kong,Not specified
196,Enhance Teacher Professional Standards,Improve the quality of education,Continually raise the professional standards of teachers,Not specified
196,Strengthen Digital and Technology Education,Prepare students for the digital age,Enhance the quality and relevance of digital and technology education programmes,Not specified
197,Increase in Non-Funded Places for Non-Local Students,High popularity of Hong Kong universities and a double-digit year-on-year increase in self-financing non-local applicants,Increase the number of non-funded places for non-local students to study in Hong Kong on a self-financing basis,Starting from the 2026/27 academic year
197,Raise Enrolment Ceiling for Self-Financing Non-Local Students,High popularity of Hong Kong universities and a double-digit year-on-year increase in self-financing non-local applicants,Raise the enrolment ceiling for self-financing non-local students of each funded post-secondary institution from 40% to 50% of local student places,Starting from the 2026/27 academic year
197,Increase Over-Enrolment Ceiling for Self-Financing Research Postgraduate Programmes,High popularity of Hong Kong universities and a double-digit year-on-year increase in self-financing non-local applicants,Increase the over-enrolment ceiling of self-financing places of funded research postgraduate programmes from 100% to 120%,Starting from the 2026/27 academic year
198,Hostels in the City Scheme,Facilitate the market in converting existing commercial buildings (including hotels) into student hostels,Increase the supply of student hostels by obviating the need for rezoning and allowing excessive plot ratio to be retained,"Launched in July 2023, expanded effective today"
198,New Sites for Student Hostels,Further increase the supply of student hostels,Earmark new sites (zoned as commercial or otherwise) for building new hostels and invite market expressions of interest,This year (2023)
199,Task Force on Study in Hong Kong,To enhance the promotion of higher education in Hong Kong,Bring together various stakeholders to promote higher education,Not specified
200,Hong Kong: Your World-class Campus,"To promote Hong Kong's quality resources in academic studies, scientific research, and international cooperation",Enhance Hong Kong's reputation and attract international talent and collaboration,Not specified
201,Enhanced Publicity and Recruitment Support for Universities,To enhance the international and Mainland presence of Hong Kong's universities,Increase the visibility and attractiveness of Hong Kong's universities to overseas and Mainland students and teachers,Funding provided for the period covered by the 2025 Policy Address
201,Summer Study Tours for Non-Local Students,To attract non-local senior secondary school students to Hong Kong,Enhance the appeal of Hong Kong's post-secondary institutions to potential international students,Ongoing initiative led by the EDB
202,Enhance 'Study Tour in Hong Kong' Activities,Promote the 'Study Tour in Hong Kong' brand,Encourage post-secondary institutions to offer more high value-added study tours,Not specified
203,UAS Collaboration with Leading Enterprises,To foster industry-education collaboration and joint promotion,Encourage UASs to deepen collaboration with leading enterprises in the Mainland and overseas,Not specified
203,GBA Exchange Platform,To explore the feasibility of cooperation with leading polytechnic institutions in Guangdong Province,Jointly establish a GBA exchange platform,Not specified
204,Mutual Recognition of Sub-degree Level Qualifications,Facilitate cross-boundary job-seeking and further studies for graduates of vocational and professional programmes,Implement mutual recognition of sub-degree level qualifications between Hong Kong and the Mainland,Ongoing exploration (no specific timeline mentioned)
205,Direct Subsidy Scheme Expansion,To allow schools under the Direct Subsidy Scheme to increase their capacity and attract more non-local students,Expand the number and size of classes and increase the intake of non-local students with student visas,Trial basis (no specific dates mentioned)
206,Promote International Recognition of DSE,To enhance the visibility and acceptance of the DSE qualification in various sectors overseas and on the Mainland,Increase options for DSE candidates for further education,Not specified
207,Strengthening Crackdown on Unauthorized DSE Programmes and Shell Schools,To address the issue of unauthorized provision of DSE programmes and the operation of 'shell schools',Enhance regulatory oversight and enforcement to ensure compliance,Ongoing
207,Reporting Mechanism for Unauthorized DSE Programmes,To facilitate the reporting of unauthorized DSE programmes and 'shell schools',Enable the public to report violations and improve regulatory response,Already set up
207,Unannounced Inspections,To ensure compliance with regulations and standards,Conduct regular unannounced inspections to monitor and enforce compliance,Ongoing
207,Clarification of Registration Arrangements for Private DSE Candidates,To provide clear guidance for private candidates taking the DSE,Improve the registration process and ensure transparency,In the coming year
207,Formulation of Code of Practice for Private Schools,To establish clear standards and guidelines for private schools,Enhance the operational standards of private schools,Within this year
207,Publication of Private School List,To provide the public with information on registered private schools,Increase transparency and accountability in the private school sector,Within this year
208,International School Development in Vacant School Premises,Utilize vacant school premises for international school development,Support the development of international schools,Not specified
208,International School Development in Northern Metropolis,Reserve sites in the Northern Metropolis for international school development,Support the development of international schools in the Northern Metropolis,Not specified
209,Increase Admission Quotas for International Schools,To enhance the international education landscape in Hong Kong,Encourage international schools to admit more students,Not specified
209,Remove Barriers for International School Expansion,To support the growth and improvement of international schools,"Allow quality international schools to build new facilities and enhance existing ones, including student boarding facilities, on a self-financing basis",Not specified
210,Digital Education Support,To support digital education in primary and secondary schools,"Enhance digital and AI literacy through curriculum optimization, AI education, teacher training, and corporate resource integration",Blueprint to be released in 2026
211,Enhanced Dedicated Funding Programme for Publicly-Funded Schools,To enhance the quality of education in publicly-funded schools and eligible kindergartens,"Raise the cumulative funding ceiling and encourage schools to strengthen promotion in areas such as values education, financial education, and entrepreneurial spirit",Not specified
212,I&T Development Framework,"Hong Kong's strong position in technology and innovation, and the presence of major I&T parks and R&D institutions","Propel I&T development, pool global talents, and support the development of aerospace science and technology",Not specified
212,New Industrialisation Promotion,Leverage Hong Kong's R&D platform and technological strengths,Promote the development of new industrialisation and the low-altitude economy,Not specified
212,People-Oriented Scientific Research Support,Support for research that benefits the public,Facilitate people-oriented scientific research,Not specified
212,Attracting Leading I&T Enterprises,Enhance Hong Kong's position as a hub for innovation and technology,Facilitate leading I&T enterprises to establish a presence in Hong Kong,Not specified
213,Pilot Lines by Hong Kong Microelectronics Research and Development Institute,Advancement in microelectronics research and development,Establish two pilot lines to support microelectronics innovation,Ongoing (no specific end date mentioned)
213,Life and Health Technology Research Institutes,Enhancement of life and health technology research,Complete preparatory work for the establishment of the institutes,Within next year (2024)
213,Hong Kong Artificial Intelligence Research and Development Institute,Advancement in artificial intelligence research and development,Complete preparatory work for the establishment of the institute,Within next year (2024)
215,Third InnoHK Research Cluster,"Focus on sustainable development, energy, advanced manufacturing, and materials",Establish R&D centres to advance research in these areas,First half of 2026
216,Relaxed New Industrialisation Acceleration Scheme,To encourage the establishment of more smart production facilities,Lower the minimum total project cost from $300 million to $150 million and provide funding on a matching basis for the employment of relevant technical personnel,Not specified
217,I&T Industry-Oriented Fund,To channel market capital to invest in emerging and future industries of strategic importance,Support the growth and development of strategic industries through investment,2026-27
218,Prostheses Subsidy Scheme,Support people-oriented scientific research and introduce advanced prostheses technology to benefit amputees,Provide full subsidies to amputees in Hong Kong for the configuration and use of high-tech prostheses,Two years
219,Competitive Low-Altitude Economy Ecosystem,To enhance Hong Kong's position in the Asia-Pacific region for innovative low-altitude applications,Forge ahead with building a competitive low-altitude economy ecosystem,Not specified
220,Action Plan on Developing Low-Altitude Economy,Advance Hong Kong as a major hub for low-altitude applications,Promote institutional innovations and technological breakthroughs in low-altitude applications,Not specified
221,Civil Aviation Legislation and Regulatory Framework Improvement,To support the development of the low-altitude economy,Formulate dedicated legislation for unconventional aircraft weighing over 150 kilograms,Not specified
222,Spectrum Designation,Enhance core infrastructure facilities,Designate spectrum for infrastructure needs,By the end of the year
222,Early Planning and Deployment of Vertiports,Enhance core infrastructure facilities,Facilitate the development of vertiports,Not specified
222,Air Route Networks Development,Enhance core infrastructure facilities,Develop air route networks,Not specified
222,Satellite Positioning System,Enhance core infrastructure facilities,Implement satellite positioning systems,Not specified
222,Three-Dimensional Spatial Data Systems,Enhance core infrastructure facilities,Develop three-dimensional spatial data systems,Not specified
222,"Smart, Low-Altitude Traffic-Management System",Enhance core infrastructure facilities,"Implement a smart, low-altitude traffic-management system",Not specified
223,Promote R&D and Applications in Low-Altitude Economy,Encourage higher education institutions and enterprises to utilize existing funding schemes,Support the industry and universities in organizing more training to promote the low-altitude economy,Ongoing
223,Host Flagship Events for Low-Altitude Economy,Build on the success of the inaugural Hong Kong Low Altitude Economy Forum,"Showcase business opportunities and promote an innovative, efficient, and secure low-altitude economy ecosystem",Ongoing
224,Regulatory Sandbox X,To regularize and expand the operation of more mature application scenarios in the low-altitude economy,"Roll out advanced low-altitude economy pilot projects covering technically complex scenarios such as cross-boundary routes and passenger-carrying, low-altitude aircraft",Not specified
225,Low-Altitude Economy Insurance Products Development,"To meet the growing demands for insurance in various application scenarios, drawing from the data of the Government's Regulatory Sandbox",Develop and introduce low-altitude economy insurance products,Not specified
227,Hong Kong Space Robotics and Energy Centre,Support the country's Chang'E-8 mission,Enhance research and development capabilities in space robotics and energy,Not specified
227,Innovation and Technology Support Programme Special Call on Aerospace Technology,Support university R&D projects in aerospace technology,Allocate over $100 million to fund six university R&D projects,Not specified
227,Streamlining Licence Applications for Low Earth Orbit Satellites,Improve the efficiency of the vetting process for satellite licences,Streamline the vetting of licence applications for Low Earth Orbit satellites,Not specified
227,Promotion of 6G Application,Advance the development and adoption of 6G technology,Promote the application of 6G technology,Not specified
227,Investment in Commercial Aerospace and Space Economy,Foster growth in the commercial aerospace and space economy sectors,Pursue investment in areas related to commercial aerospace and the space economy,Not specified
228,"IP Financing, Valuation, and Protection Measures",To enhance Hong Kong's position as a hub for intellectual property and support I&T development and creativity,"Boost IP trading by improving financing, valuation, and protection mechanisms",Not specified
229,IP Financing Sandbox,"To assist pilot sectors, particularly the technology sector, in leveraging intellectual properties (IPs) for financing","Facilitate IP financing with the support of banking, insurance, valuation, legal, and other professions",Not specified
230,Patent Evaluation Support,Support local small and medium I&T enterprises,Provide patent evaluation based on national standards,By the end of this year
230,Pilot Programme for Patent Valuation Subsidy,Support local small and medium I&T enterprises,Subsidize patent valuation as a reference for credit financing,Two-year pilot programme
231,Formulate Code of Practice for AI Technology Development,Completion of public consultation on enhancement of the Copyright Ordinance regarding AI technology protection,Establish legal principles and prepare a legislative proposal for AI technology development,Not specified
231,Review Local Registered Designs Regime,Ongoing review of the local registered designs regime,Prepare for public consultation on the local registered designs regime,By the end of the year
232,Promote IP Financing,To enhance the visibility and attractiveness of intellectual property (IP) financing in Hong Kong,Promote IP financing through the Business of IP Asia Forum 2025,2025
232,Nominate Local Enterprises for China Patent Award,To recognize and encourage local enterprises in the field of intellectual property,Nominate local enterprises to compete for the China Patent Award,Not specified
233,Enhance Talent Policy,To attract technical professionals with specified skills to Hong Kong,Build Hong Kong into an international hub for high-calibre talents,Not specified
233,Promote Talent Flow,To facilitate the movement of talents between the industry and academic sectors,Enhance collaboration and exchange between industry and academia,Not specified
233,Strengthen HKTE Efforts,To improve talent attraction and support,Support the development of high-calibre talents in Hong Kong,Not specified
234,Young Talent Training Programme,"To better equip young people, broaden their international horizons, and cultivate a holistic outlook",Provide more opportunities for internships in international organizations and attendance at international conferences,Not specified
234,Media Thematic Internship Programme,To broaden young people's international horizons and provide specific media-related opportunities,Introduce a new media thematic internship programme in the Mainland,Not specified
234,Strengthened Youth Financial Education Programme,To enhance young people's financial literacy and understanding,Strengthen the existing Youth Financial Education Programme,Not specified
234,New Mediation Workshops,To enhance young people's understanding of the mediation industry,Launch new mediation workshops,Not specified
236,HYAB Funding Scheme for Youth Exchange in the Mainland,To encourage youth exchange between Hong Kong and the Mainland,Foster better understanding and cooperation among young people from Hong Kong and the Mainland,Ongoing
236,HYAB Funding Scheme for International Youth Exchange,To encourage international youth exchange,Foster better understanding and cooperation among young people from Hong Kong and overseas,Ongoing
236,International and Mainland Exchange Activities by Youth Uniformed Groups,To enhance the international and Mainland exposure of youth through organized activities,Promote cultural exchange and mutual understanding among young people,Ongoing
237,Renovation of Interactive Space for Young People at Youth Square,To provide venues for young people to expand their networks,Complete the first phase of renovation work,By the end of this year
237,Physical Platform for Interaction for Youth Link Members,To provide venues for young people to expand their networks,Complete the first phase of the physical platform,By the end of this year
242,Innovation and Technology Talents Exchange Scheme for Industry and Academic Sectors,To encourage university professors to engage in corporate R&D activities and for senior management of technology enterprises and technical experts to teach and help develop curriculum,"Strengthen the collaborative development of the industry, academic, and research sectors",Not specified
244,Develop Premium Arts Trading Hub,Consolidate Hong Kong's position as the East-meets-West centre for international cultural exchange,Enhance the arts trading market in Hong Kong,Not specified
244,Promote Diverse Development of West Kowloon Cultural District (WKCD),Consolidate Hong Kong's position as the East-meets-West centre for international cultural exchange,Enhance the cultural and creative industries in the WKCD,Not specified
244,Refocus Performance Venues,Consolidate Hong Kong's position as the East-meets-West centre for international cultural exchange,Optimize the use and development of performance venues,Not specified
244,Develop Flagship Arts and Cultural Projects,Consolidate Hong Kong's position as the East-meets-West centre for international cultural exchange,Create and support major arts and cultural projects,Not specified
244,Intensify Promotion of Intangible Cultural Heritage (ICH),Consolidate Hong Kong's position as the East-meets-West centre for international cultural exchange,Increase awareness and preservation of ICH,Not specified
244,Introduce Commercial Elements to Enrich LCSD Facilities and Events,Consolidate Hong Kong's position as the East-meets-West centre for international cultural exchange,Enhance the attractiveness and sustainability of LCSD facilities and events,Not specified
246,Arts Ecosystem at Airport City,To create a centralized location for arts-related activities and businesses,"Host arts studios, galleries, and dealers under one roof, supported by large-scale arts storage and related facilities",Not specified
247,Enhance International Arts Trading Platform,Deepen collaboration with Art Basel to strengthen Hong Kong's position in the arts market,Consolidate Hong Kong's status as the exclusive host city in the region for Art Basel,Not specified
250,Artist Square Towers Leasing Strategy,"To attract more arts trading enterprises, including galleries, insurance companies, and family offices, to lease space in the towers",Enhance the arts and cultural ecosystem by attracting relevant businesses,Scheduled for completion in 2026-27
